Id,OwnerId,IsDeleted,Name,RecordTypeId,CreatedDate,CreatedById,LastModifiedDate,LastModifiedById,SystemModstamp,LastActivityDate,LastViewedDate,LastReferencedDate,sustain_app__AMER_Avg_Elec_Energy_Intensity_kwh_sqft__c,sustain_app__AMER_Avg_Energy_Intensity_kBtu_sqft__c,sustain_app__APAC_Avg_Elec_Energy_Intensity_kwh_sqft__c,sustain_app__APAC_Avg_Energy_Intensity_kBtu_sqft__c,sustain_app__City__c,sustain_app__Country__c,sustain_app__Data_Source__c,sustain_app__Diesel_CH4_Factor_g_mmBtu__c,sustain_app__Diesel_CO2_Factor__c,sustain_app__Diesel_CO2e_Factor_tCO2e_MWh__c,sustain_app__Diesel_N2O_Factor_g_mmBtu__c,sustain_app__EMEA_Avg_Elec_Energy_Intensity_kwh_sqft__c,sustain_app__EMEA_Avg_Energy_Intensity_kBtu_sqft__c,sustain_app__East_North_Central_Large__c,sustain_app__East_North_Central_Medium__c,sustain_app__East_North_Central_Small__c,sustain_app__East_South_Central_Large__c,sustain_app__East_South_Central_Medium__c,sustain_app__East_South_Central_Small__c,sustain_app__Emission_Factor_Update_Year__c,sustain_app__Fuel_Oil_CH4_Factor_g_mmBtu__c,sustain_app__Fuel_Oil_CO2_Factor_kg_mmBtu__c,sustain_app__Fuel_Oil_CO2e_Factor_tCO2e_MWh__c,sustain_app__Fuel_Oil_N2O_Factor_g_mmBtu__c,sustain_app__GWP_CH4__c,sustain_app__GWP_N2O__c,sustain_app__GWP__c,sustain_app__GWP_kgCO2ekg__c,sustain_app__Jet_Fuel_CO2e_Factor_tCO2e_Gal__c,sustain_app__Middle_Atlantic_Large__c,sustain_app__Middle_Atlantic_Medium__c,sustain_app__Middle_Atlantic_Small__c,sustain_app__Midwest_Large__c,sustain_app__Midwest_Medium__c,sustain_app__Midwest_Small__c,sustain_app__Midwest_kBtusft__c,sustain_app__Mountain_Large__c,sustain_app__Mountain_Medium__c,sustain_app__Mountain_Small__c,sustain_app__Natural_Gas_CH4_Factor_g_mmBtu__c,sustain_app__Natural_Gas_CO2_Factor__c,sustain_app__Natural_Gas_CO2e_Factor_tCO2e_MWh__c,sustain_app__Natural_Gas_N2O_Factor_g_mmBtu__c,sustain_app__New_England_Large__c,sustain_app__New_England_Medium__c,sustain_app__New_England_Small__c,sustain_app__Non_US_Real_Estate_Avg_kBtu_Sqft__c,sustain_app__Northeast_Large__c,sustain_app__Northeast_Medium__c,sustain_app__Northeast_Small__c,sustain_app__Northeast_kBtusft__c,sustain_app__Pacific_Large__c,sustain_app__Pacific_Medium__c,sustain_app__Pacific_Small__c,sustain_app__RefrigerantLeakageRatekgITkWh__c,sustain_app__RefrigerantLeakageRatekgSqft__c,sustain_app__Refrigerant_Name__c,sustain_app__South_Atlantic_Large__c,sustain_app__South_Atlantic_Medium__c,sustain_app__South_Atlantic_Small__c,sustain_app__South_Large__c,sustain_app__South_Medium__c,sustain_app__South_Small__c,sustain_app__South_kBtusft__c,sustain_app__State__c,sustain_app__Steam_CH4_Factor_g_mmBtu__c,sustain_app__Steam_CO2_Factor_kg_mmBtu__c,sustain_app__Steam_CO2e_Factor_tCO2e_MWh__c,sustain_app__Steam_N2O_Factor_g_mmBtu__c,sustain_app__SubRegion_Name__c,sustain_app__West_Large__c,sustain_app__West_Medium__c,sustain_app__West_North_Central_Large__c,sustain_app__West_North_Central_Medium__c,sustain_app__West_North_Central_Small__c,sustain_app__West_Small__c,sustain_app__West_South_Central_Large__c,sustain_app__West_South_Central_Medium__c,sustain_app__West_South_Central_Small__c,sustain_app__West_kBtusft__c,sustain_app__jet_fuel_ch4_factor_g_gal__c,sustain_app__jet_fuel_co2_factor_g__c,sustain_app__jet_fuel_n2o_factor_g_gal__c
a076g000002dWQoAAM,0056g000004tx5VAAQ,,Energy Intensity Reference Data,0126g0000003V1ZAAU,2020-03-03T17:04:58.000+0000,0056g000004tx5VAAQ,2020-03-10T19:24:26.000+0000,0056g000004tw2CAAQ,2020-03-10T19:24:26.000+0000,,,,2.087142857142857,32.77674285714286,1.47,23.0128,,,https://www.eia.gov/consumption/commercial/data/2012/index.php?view=consumption,,,0,,1.76,27.5009,15.4,12.2,15.2,15.1,13.9,15.4,2019,,,0,,,,,,0,17.8,12.6,14.3,15.3,12.1,13.2,82.8,16.2,10.9,16.2,,,0,,14.9,10.6,11.6,,17.3,12,13.2,93.9,17,10.9,13.8,,,,16.6,15,19,17,14.8,17.5,74.9,,,,0,,,16.8,10.9,15,12.1,10.5,14.4,18.5,14.8,16.6,74.7,,,
a076g000002dWQpAAM,0056g000004tx5VAAQ,,General Conversion Factors,0126g0000003V1aAAE,2020-03-03T17:04:59.000+0000,0056g000004tx5VAAQ,2020-03-03T17:04:59.000+0000,0056g000004tx5VAAQ,2020-03-03T17:04:59.000+0000,,,,,,,,,,https://www.gov.uk/government/collections/government-conversion-factors-for-company-reporting; https://www.epa.gov/sites/production/files/2018-03/documents/emission-factors_mar_2018_0.pdf,3,73.96,0.25319,0.6,,,,,,,,,2018,3,73.96,0.25319,0.6,28,265,1,,0.00983,,,,,,,,,,,1,53.06,0.18123,0.1,,,,,,,,,,,,0.00000166,0.0002,,,,,,,,,,1.25,66.33,0.22656,0.13,,,,,,,,,,,,0,9.75,0.3
a076g000002dWQqAAM,0056g000004tx5VAAQ,,Carbon tetrachloride - 2018 revision,0126g0000003V1bAAE,2020-03-03T17:04:59.000+0000,0056g000004tx5VAAQ,2020-03-03T17:04:59.000+0000,0056g000004tx5VAAQ,2020-03-03T17:04:59.000+0000,,,,,,,,,,https://www.gov.uk/government/publications/greenhouse-gas-reporting-conversion-factors-2018,,,0,,,,,,,,,,2018,,,0,,,,,1400,0,,,,,,,,,,,,,0,,,,,,,,,,,,,,,Carbon tetrachloride,,,,,,,,,,,0,,,,,,,,,,,,,,,
a076g000002dWQrAAM,0056g000004tx5VAAQ,,CFC-11 / R11 (trichlorofluoromethane) - 2018 revision,0126g0000003V1bAAE,2020-03-03T17:04:59.000+0000,0056g000004tx5VAAQ,2020-03-03T17:04:59.000+0000,0056g000004tx5VAAQ,2020-03-03T17:04:59.000+0000,,,,,,,,,,https://www.gov.uk/government/publications/greenhouse-gas-reporting-conversion-factors-2018,,,0,,,,,,,,,,2018,,,0,,,,,4750,0,,,,,,,,,,,,,0,,,,,,,,,,,,,,,CFC-11 / R11 (trichlorofluoromethane),,,,,,,,,,,0,,,,,,,,,,,,,,,
a076g000002dWQsAAM,0056g000004tx5VAAQ,,CFC-113 - 2018 revision,0126g0000003V1bAAE,2020-03-03T17:04:59.000+0000,0056g000004tx5VAAQ,2020-03-03T17:04:59.000+0000,0056g000004tx5VAAQ,2020-03-03T17:04:59.000+0000,,,,,,,,,,https://www.gov.uk/government/publications/greenhouse-gas-reporting-conversion-factors-2018,,,0,,,,,,,,,,2018,,,0,,,,,6130,0,,,,,,,,,,,,,0,,,,,,,,,,,,,,,CFC-113,,,,,,,,,,,0,,,,,,,,,,,,,,,
a076g000002dWQtAAM,0056g000004tx5VAAQ,,CFC-114 - 2018 revision,0126g0000003V1bAAE,2020-03-03T17:04:59.000+0000,0056g000004tx5VAAQ,2020-03-03T17:04:59.000+0000,0056g000004tx5VAAQ,2020-03-03T17:04:59.000+0000,,,,,,,,,,https://www.gov.uk/government/publications/greenhouse-gas-reporting-conversion-factors-2018,,,0,,,,,,,,,,2018,,,0,,,,,10000,0,,,,,,,,,,,,,0,,,,,,,,,,,,,,,CFC-114,,,,,,,,,,,0,,,,,,,,,,,,,,,
a076g000002dWQuAAM,0056g000004tx5VAAQ,,CFC-115 - 2018 revision,0126g0000003V1bAAE,2020-03-03T17:04:59.000+0000,0056g000004tx5VAAQ,2020-03-03T17:04:59.000+0000,0056g000004tx5VAAQ,2020-03-03T17:04:59.000+0000,,,,,,,,,,https://www.gov.uk/government/publications/greenhouse-gas-reporting-conversion-factors-2018,,,0,,,,,,,,,,2018,,,0,,,,,7370,0,,,,,,,,,,,,,0,,,,,,,,,,,,,,,CFC-115,,,,,,,,,,,0,,,,,,,,,,,,,,,
a076g000002dWQvAAM,0056g000004tx5VAAQ,,CFC-12 / R12 (dichlorodifluoromethane) - 2018 revision,0126g0000003V1bAAE,2020-03-03T17:04:59.000+0000,0056g000004tx5VAAQ,2020-03-03T17:04:59.000+0000,0056g000004tx5VAAQ,2020-03-03T17:04:59.000+0000,,,,,,,,,,https://www.gov.uk/government/publications/greenhouse-gas-reporting-conversion-factors-2018,,,0,,,,,,,,,,2018,,,0,,,,,10900,0,,,,,,,,,,,,,0,,,,,,,,,,,,,,,CFC-12 / R12 (dichlorodifluoromethane),,,,,,,,,,,0,,,,,,,,,,,,,,,
a076g000002dWQwAAM,0056g000004tx5VAAQ,,CFC-13 - 2018 revision,0126g0000003V1bAAE,2020-03-03T17:04:59.000+0000,0056g000004tx5VAAQ,2020-03-03T17:04:59.000+0000,0056g000004tx5VAAQ,2020-03-03T17:04:59.000+0000,,,,,,,,,,https://www.gov.uk/government/publications/greenhouse-gas-reporting-conversion-factors-2018,,,0,,,,,,,,,,2018,,,0,,,,,14400,0,,,,,,,,,,,,,0,,,,,,,,,,,,,,,CFC-13,,,,,,,,,,,0,,,,,,,,,,,,,,,
a076g000002dWQxAAM,0056g000004tx5VAAQ,,Dimethylether - 2018 revision,0126g0000003V1bAAE,2020-03-03T17:04:59.000+0000,0056g000004tx5VAAQ,2020-03-03T17:04:59.000+0000,0056g000004tx5VAAQ,2020-03-03T17:04:59.000+0000,,,,,,,,,,https://www.gov.uk/government/publications/greenhouse-gas-reporting-conversion-factors-2018,,,0,,,,,,,,,,2018,,,0,,,,,1,0,,,,,,,,,,,,,0,,,,,,,,,,,,,,,Dimethylether,,,,,,,,,,,0,,,,,,,,,,,,,,,
a076g000002dWQyAAM,0056g000004tx5VAAQ,,Halon-1211 - 2018 revision,0126g0000003V1bAAE,2020-03-03T17:04:59.000+0000,0056g000004tx5VAAQ,2020-03-03T17:04:59.000+0000,0056g000004tx5VAAQ,2020-03-03T17:04:59.000+0000,,,,,,,,,,https://www.gov.uk/government/publications/greenhouse-gas-reporting-conversion-factors-2018,,,0,,,,,,,,,,2018,,,0,,,,,1890,0,,,,,,,,,,,,,0,,,,,,,,,,,,,,,Halon-1211,,,,,,,,,,,0,,,,,,,,,,,,,,,
a076g000002dWQzAAM,0056g000004tx5VAAQ,,Halon-1301 - 2018 revision,0126g0000003V1bAAE,2020-03-03T17:04:59.000+0000,0056g000004tx5VAAQ,2020-03-03T17:04:59.000+0000,0056g000004tx5VAAQ,2020-03-03T17:04:59.000+0000,,,,,,,,,,https://www.gov.uk/government/publications/greenhouse-gas-reporting-conversion-factors-2018,,,0,,,,,,,,,,2018,,,0,,,,,7140,0,,,,,,,,,,,,,0,,,,,,,,,,,,,,,Halon-1301,,,,,,,,,,,0,,,,,,,,,,,,,,,
a076g000002dWR0AAM,0056g000004tx5VAAQ,,Halon-2402 - 2018 revision,0126g0000003V1bAAE,2020-03-03T17:04:59.000+0000,0056g000004tx5VAAQ,2020-03-03T17:04:59.000+0000,0056g000004tx5VAAQ,2020-03-03T17:04:59.000+0000,,,,,,,,,,https://www.gov.uk/government/publications/greenhouse-gas-reporting-conversion-factors-2018,,,0,,,,,,,,,,2018,,,0,,,,,1640,0,,,,,,,,,,,,,0,,,,,,,,,,,,,,,Halon-2402,,,,,,,,,,,0,,,,,,,,,,,,,,,
a076g000002dWR1AAM,0056g000004tx5VAAQ,,HCFC-123 - 2018 revision,0126g0000003V1bAAE,2020-03-03T17:04:59.000+0000,0056g000004tx5VAAQ,2020-03-03T17:04:59.000+0000,0056g000004tx5VAAQ,2020-03-03T17:04:59.000+0000,,,,,,,,,,https://www.gov.uk/government/publications/greenhouse-gas-reporting-conversion-factors-2018,,,0,,,,,,,,,,2018,,,0,,,,,77,0,,,,,,,,,,,,,0,,,,,,,,,,,,,,,HCFC-123,,,,,,,,,,,0,,,,,,,,,,,,,,,
a076g000002dWR2AAM,0056g000004tx5VAAQ,,HCFC-124 - 2018 revision,0126g0000003V1bAAE,2020-03-03T17:04:59.000+0000,0056g000004tx5VAAQ,2020-03-03T17:04:59.000+0000,0056g000004tx5VAAQ,2020-03-03T17:04:59.000+0000,,,,,,,,,,https://www.gov.uk/government/publications/greenhouse-gas-reporting-conversion-factors-2018,,,0,,,,,,,,,,2018,,,0,,,,,609,0,,,,,,,,,,,,,0,,,,,,,,,,,,,,,HCFC-124,,,,,,,,,,,0,,,,,,,,,,,,,,,
a076g000002dWR3AAM,0056g000004tx5VAAQ,,HCFC-141b - 2018 revision,0126g0000003V1bAAE,2020-03-03T17:04:59.000+0000,0056g000004tx5VAAQ,2020-03-03T17:04:59.000+0000,0056g000004tx5VAAQ,2020-03-03T17:04:59.000+0000,,,,,,,,,,https://www.gov.uk/government/publications/greenhouse-gas-reporting-conversion-factors-2018,,,0,,,,,,,,,,2018,,,0,,,,,725,0,,,,,,,,,,,,,0,,,,,,,,,,,,,,,HCFC-141b,,,,,,,,,,,0,,,,,,,,,,,,,,,
a076g000002dWR4AAM,0056g000004tx5VAAQ,,HCFC-142b - 2018 revision,0126g0000003V1bAAE,2020-03-03T17:04:59.000+0000,0056g000004tx5VAAQ,2020-03-03T17:04:59.000+0000,0056g000004tx5VAAQ,2020-03-03T17:04:59.000+0000,,,,,,,,,,https://www.gov.uk/government/publications/greenhouse-gas-reporting-conversion-factors-2018,,,0,,,,,,,,,,2018,,,0,,,,,2310,0,,,,,,,,,,,,,0,,,,,,,,,,,,,,,HCFC-142b,,,,,,,,,,,0,,,,,,,,,,,,,,,
a076g000002dWR5AAM,0056g000004tx5VAAQ,,HCFC-21 - 2018 revision,0126g0000003V1bAAE,2020-03-03T17:04:59.000+0000,0056g000004tx5VAAQ,2020-03-03T17:04:59.000+0000,0056g000004tx5VAAQ,2020-03-03T17:04:59.000+0000,,,,,,,,,,https://www.gov.uk/government/publications/greenhouse-gas-reporting-conversion-factors-2018,,,0,,,,,,,,,,2018,,,0,,,,,151,0,,,,,,,,,,,,,0,,,,,,,,,,,,,,,HCFC-21,,,,,,,,,,,0,,,,,,,,,,,,,,,
a076g000002dWR6AAM,0056g000004tx5VAAQ,,HCFC-22 / R22 (chlorodifluoromethane) - 2018 revision,0126g0000003V1bAAE,2020-03-03T17:04:59.000+0000,0056g000004tx5VAAQ,2020-03-03T17:04:59.000+0000,0056g000004tx5VAAQ,2020-03-03T17:04:59.000+0000,,,,,,,,,,https://www.gov.uk/government/publications/greenhouse-gas-reporting-conversion-factors-2018,,,0,,,,,,,,,,2018,,,0,,,,,1810,0,,,,,,,,,,,,,0,,,,,,,,,,,,,,,HCFC-22 / R22 (chlorodifluoromethane),,,,,,,,,,,0,,,,,,,,,,,,,,,
a076g000002dWR7AAM,0056g000004tx5VAAQ,,HCFC-225ca - 2018 revision,0126g0000003V1bAAE,2020-03-03T17:04:59.000+0000,0056g000004tx5VAAQ,2020-03-03T17:04:59.000+0000,0056g000004tx5VAAQ,2020-03-03T17:04:59.000+0000,,,,,,,,,,https://www.gov.uk/government/publications/greenhouse-gas-reporting-conversion-factors-2018,,,0,,,,,,,,,,2018,,,0,,,,,122,0,,,,,,,,,,,,,0,,,,,,,,,,,,,,,HCFC-225ca,,,,,,,,,,,0,,,,,,,,,,,,,,,
a076g000002dWR8AAM,0056g000004tx5VAAQ,,HCFC-225cb - 2018 revision,0126g0000003V1bAAE,2020-03-03T17:04:59.000+0000,0056g000004tx5VAAQ,2020-03-03T17:04:59.000+0000,0056g000004tx5VAAQ,2020-03-03T17:04:59.000+0000,,,,,,,,,,https://www.gov.uk/government/publications/greenhouse-gas-reporting-conversion-factors-2018,,,0,,,,,,,,,,2018,,,0,,,,,595,0,,,,,,,,,,,,,0,,,,,,,,,,,,,,,HCFC-225cb,,,,,,,,,,,0,,,,,,,,,,,,,,,
a076g000002dWR9AAM,0056g000004tx5VAAQ,,HCFE-235da2 - 2018 revision,0126g0000003V1bAAE,2020-03-03T17:04:59.000+0000,0056g000004tx5VAAQ,2020-03-03T17:04:59.000+0000,0056g000004tx5VAAQ,2020-03-03T17:04:59.000+0000,,,,,,,,,,https://www.gov.uk/government/publications/greenhouse-gas-reporting-conversion-factors-2018,,,0,,,,,,,,,,2018,,,0,,,,,350,0,,,,,,,,,,,,,0,,,,,,,,,,,,,,,HCFE-235da2,,,,,,,,,,,0,,,,,,,,,,,,,,,
a076g000002dWRAAA2,0056g000004tx5VAAQ,,HFC-125 - 2018 revision,0126g0000003V1bAAE,2020-03-03T17:04:59.000+0000,0056g000004tx5VAAQ,2020-03-03T17:04:59.000+0000,0056g000004tx5VAAQ,2020-03-03T17:04:59.000+0000,,,,,,,,,,https://www.gov.uk/government/publications/greenhouse-gas-reporting-conversion-factors-2018,,,0,,,,,,,,,,2018,,,0,,,,,3500,0,,,,,,,,,,,,,0,,,,,,,,,,,,,,,HFC-125,,,,,,,,,,,0,,,,,,,,,,,,,,,
a076g000002dWRBAA2,0056g000004tx5VAAQ,,HFC-134 - 2018 revision,0126g0000003V1bAAE,2020-03-03T17:04:59.000+0000,0056g000004tx5VAAQ,2020-03-03T17:04:59.000+0000,0056g000004tx5VAAQ,2020-03-03T17:04:59.000+0000,,,,,,,,,,https://www.gov.uk/government/publications/greenhouse-gas-reporting-conversion-factors-2018,,,0,,,,,,,,,,2018,,,0,,,,,1100,0,,,,,,,,,,,,,0,,,,,,,,,,,,,,,HFC-134,,,,,,,,,,,0,,,,,,,,,,,,,,,
a076g000002dWRCAA2,0056g000004tx5VAAQ,,HFC-134a - 2018 revision,0126g0000003V1bAAE,2020-03-03T17:04:59.000+0000,0056g000004tx5VAAQ,2020-03-03T17:04:59.000+0000,0056g000004tx5VAAQ,2020-03-03T17:04:59.000+0000,,,,,,,,,,https://www.gov.uk/government/publications/greenhouse-gas-reporting-conversion-factors-2018,,,0,,,,,,,,,,2018,,,0,,,,,1430,0,,,,,,,,,,,,,0,,,,,,,,,,,,,,,HFC-134a,,,,,,,,,,,0,,,,,,,,,,,,,,,
a076g000002dWRDAA2,0056g000004tx5VAAQ,,HFC-143 - 2018 revision,0126g0000003V1bAAE,2020-03-03T17:04:59.000+0000,0056g000004tx5VAAQ,2020-03-03T17:04:59.000+0000,0056g000004tx5VAAQ,2020-03-03T17:04:59.000+0000,,,,,,,,,,https://www.gov.uk/government/publications/greenhouse-gas-reporting-conversion-factors-2018,,,0,,,,,,,,,,2018,,,0,,,,,353,0,,,,,,,,,,,,,0,,,,,,,,,,,,,,,HFC-143,,,,,,,,,,,0,,,,,,,,,,,,,,,
a076g000002dWREAA2,0056g000004tx5VAAQ,,HFC-143a - 2018 revision,0126g0000003V1bAAE,2020-03-03T17:04:59.000+0000,0056g000004tx5VAAQ,2020-03-03T17:04:59.000+0000,0056g000004tx5VAAQ,2020-03-03T17:04:59.000+0000,,,,,,,,,,https://www.gov.uk/government/publications/greenhouse-gas-reporting-conversion-factors-2018,,,0,,,,,,,,,,2018,,,0,,,,,4470,0,,,,,,,,,,,,,0,,,,,,,,,,,,,,,HFC-143a,,,,,,,,,,,0,,,,,,,,,,,,,,,
a076g000002dWRFAA2,0056g000004tx5VAAQ,,HFC-152 - 2018 revision,0126g0000003V1bAAE,2020-03-03T17:04:59.000+0000,0056g000004tx5VAAQ,2020-03-03T17:04:59.000+0000,0056g000004tx5VAAQ,2020-03-03T17:04:59.000+0000,,,,,,,,,,https://www.gov.uk/government/publications/greenhouse-gas-reporting-conversion-factors-2018,,,0,,,,,,,,,,2018,,,0,,,,,53,0,,,,,,,,,,,,,0,,,,,,,,,,,,,,,HFC-152,,,,,,,,,,,0,,,,,,,,,,,,,,,
a076g000002dWRGAA2,0056g000004tx5VAAQ,,HFC-152a - 2018 revision,0126g0000003V1bAAE,2020-03-03T17:04:59.000+0000,0056g000004tx5VAAQ,2020-03-03T17:04:59.000+0000,0056g000004tx5VAAQ,2020-03-03T17:04:59.000+0000,,,,,,,,,,https://www.gov.uk/government/publications/greenhouse-gas-reporting-conversion-factors-2018,,,0,,,,,,,,,,2018,,,0,,,,,124,0,,,,,,,,,,,,,0,,,,,,,,,,,,,,,HFC-152a,,,,,,,,,,,0,,,,,,,,,,,,,,,
a076g000002dWRHAA2,0056g000004tx5VAAQ,,HFC-161 - 2018 revision,0126g0000003V1bAAE,2020-03-03T17:04:59.000+0000,0056g000004tx5VAAQ,2020-03-03T17:04:59.000+0000,0056g000004tx5VAAQ,2020-03-03T17:04:59.000+0000,,,,,,,,,,https://www.gov.uk/government/publications/greenhouse-gas-reporting-conversion-factors-2018,,,0,,,,,,,,,,2018,,,0,,,,,12,0,,,,,,,,,,,,,0,,,,,,,,,,,,,,,HFC-161,,,,,,,,,,,0,,,,,,,,,,,,,,,
a076g000002dWRIAA2,0056g000004tx5VAAQ,,HFC-227ea - 2018 revision,0126g0000003V1bAAE,2020-03-03T17:04:59.000+0000,0056g000004tx5VAAQ,2020-03-03T17:04:59.000+0000,0056g000004tx5VAAQ,2020-03-03T17:04:59.000+0000,,,,,,,,,,https://www.gov.uk/government/publications/greenhouse-gas-reporting-conversion-factors-2018,,,0,,,,,,,,,,2018,,,0,,,,,3220,0,,,,,,,,,,,,,0,,,,,,,,,,,,,,,HFC-227ea,,,,,,,,,,,0,,,,,,,,,,,,,,,
a076g000002dWRJAA2,0056g000004tx5VAAQ,,HFC-23 - 2018 revision,0126g0000003V1bAAE,2020-03-03T17:04:59.000+0000,0056g000004tx5VAAQ,2020-03-03T17:04:59.000+0000,0056g000004tx5VAAQ,2020-03-03T17:04:59.000+0000,,,,,,,,,,https://www.gov.uk/government/publications/greenhouse-gas-reporting-conversion-factors-2018,,,0,,,,,,,,,,2018,,,0,,,,,14800,0,,,,,,,,,,,,,0,,,,,,,,,,,,,,,HFC-23,,,,,,,,,,,0,,,,,,,,,,,,,,,
a076g000002dWRKAA2,0056g000004tx5VAAQ,,HFC-236cb - 2018 revision,0126g0000003V1bAAE,2020-03-03T17:04:59.000+0000,0056g000004tx5VAAQ,2020-03-03T17:04:59.000+0000,0056g000004tx5VAAQ,2020-03-03T17:04:59.000+0000,,,,,,,,,,https://www.gov.uk/government/publications/greenhouse-gas-reporting-conversion-factors-2018,,,0,,,,,,,,,,2018,,,0,,,,,1340,0,,,,,,,,,,,,,0,,,,,,,,,,,,,,,HFC-236cb,,,,,,,,,,,0,,,,,,,,,,,,,,,
a076g000002dWRLAA2,0056g000004tx5VAAQ,,HFC-236ea - 2018 revision,0126g0000003V1bAAE,2020-03-03T17:04:59.000+0000,0056g000004tx5VAAQ,2020-03-03T17:04:59.000+0000,0056g000004tx5VAAQ,2020-03-03T17:04:59.000+0000,,,,,,,,,,https://www.gov.uk/government/publications/greenhouse-gas-reporting-conversion-factors-2018,,,0,,,,,,,,,,2018,,,0,,,,,1370,0,,,,,,,,,,,,,0,,,,,,,,,,,,,,,HFC-236ea,,,,,,,,,,,0,,,,,,,,,,,,,,,
a076g000002dWRMAA2,0056g000004tx5VAAQ,,HFC-236fa - 2018 revision,0126g0000003V1bAAE,2020-03-03T17:04:59.000+0000,0056g000004tx5VAAQ,2020-03-03T17:04:59.000+0000,0056g000004tx5VAAQ,2020-03-03T17:04:59.000+0000,,,,,,,,,,https://www.gov.uk/government/publications/greenhouse-gas-reporting-conversion-factors-2018,,,0,,,,,,,,,,2018,,,0,,,,,9810,0,,,,,,,,,,,,,0,,,,,,,,,,,,,,,HFC-236fa,,,,,,,,,,,0,,,,,,,,,,,,,,,
a076g000002dWRNAA2,0056g000004tx5VAAQ,,HFC-245ca - 2018 revision,0126g0000003V1bAAE,2020-03-03T17:04:59.000+0000,0056g000004tx5VAAQ,2020-03-03T17:04:59.000+0000,0056g000004tx5VAAQ,2020-03-03T17:04:59.000+0000,,,,,,,,,,https://www.gov.uk/government/publications/greenhouse-gas-reporting-conversion-factors-2018,,,0,,,,,,,,,,2018,,,0,,,,,693,0,,,,,,,,,,,,,0,,,,,,,,,,,,,,,HFC-245ca,,,,,,,,,,,0,,,,,,,,,,,,,,,
a076g000002dWROAA2,0056g000004tx5VAAQ,,HFC-245fa - 2018 revision,0126g0000003V1bAAE,2020-03-03T17:04:59.000+0000,0056g000004tx5VAAQ,2020-03-03T17:04:59.000+0000,0056g000004tx5VAAQ,2020-03-03T17:04:59.000+0000,,,,,,,,,,https://www.gov.uk/government/publications/greenhouse-gas-reporting-conversion-factors-2018,,,0,,,,,,,,,,2018,,,0,,,,,1030,0,,,,,,,,,,,,,0,,,,,,,,,,,,,,,HFC-245fa,,,,,,,,,,,0,,,,,,,,,,,,,,,
a076g000002dWRPAA2,0056g000004tx5VAAQ,,HFC-32 - 2018 revision,0126g0000003V1bAAE,2020-03-03T17:04:59.000+0000,0056g000004tx5VAAQ,2020-03-03T17:04:59.000+0000,0056g000004tx5VAAQ,2020-03-03T17:04:59.000+0000,,,,,,,,,,https://www.gov.uk/government/publications/greenhouse-gas-reporting-conversion-factors-2018,,,0,,,,,,,,,,2018,,,0,,,,,675,0,,,,,,,,,,,,,0,,,,,,,,,,,,,,,HFC-32,,,,,,,,,,,0,,,,,,,,,,,,,,,
a076g000002dWRQAA2,0056g000004tx5VAAQ,,HFC-365mfc - 2018 revision,0126g0000003V1bAAE,2020-03-03T17:04:59.000+0000,0056g000004tx5VAAQ,2020-03-03T17:04:59.000+0000,0056g000004tx5VAAQ,2020-03-03T17:04:59.000+0000,,,,,,,,,,https://www.gov.uk/government/publications/greenhouse-gas-reporting-conversion-factors-2018,,,0,,,,,,,,,,2018,,,0,,,,,794,0,,,,,,,,,,,,,0,,,,,,,,,,,,,,,HFC-365mfc,,,,,,,,,,,0,,,,,,,,,,,,,,,
a076g000002dWRRAA2,0056g000004tx5VAAQ,,HFC-41 - 2018 revision,0126g0000003V1bAAE,2020-03-03T17:04:59.000+0000,0056g000004tx5VAAQ,2020-03-03T17:04:59.000+0000,0056g000004tx5VAAQ,2020-03-03T17:04:59.000+0000,,,,,,,,,,https://www.gov.uk/government/publications/greenhouse-gas-reporting-conversion-factors-2018,,,0,,,,,,,,,,2018,,,0,,,,,92,0,,,,,,,,,,,,,0,,,,,,,,,,,,,,,HFC-41,,,,,,,,,,,0,,,,,,,,,,,,,,,
a076g000002dWRSAA2,0056g000004tx5VAAQ,,HFC-43-I0mee - 2018 revision,0126g0000003V1bAAE,2020-03-03T17:04:59.000+0000,0056g000004tx5VAAQ,2020-03-03T17:04:59.000+0000,0056g000004tx5VAAQ,2020-03-03T17:04:59.000+0000,,,,,,,,,,https://www.gov.uk/government/publications/greenhouse-gas-reporting-conversion-factors-2018,,,0,,,,,,,,,,2018,,,0,,,,,1640,0,,,,,,,,,,,,,0,,,,,,,,,,,,,,,HFC-43-I0mee,,,,,,,,,,,0,,,,,,,,,,,,,,,
a076g000002dWRTAA2,0056g000004tx5VAAQ,,HFE-125 - 2018 revision,0126g0000003V1bAAE,2020-03-03T17:04:59.000+0000,0056g000004tx5VAAQ,2020-03-03T17:04:59.000+0000,0056g000004tx5VAAQ,2020-03-03T17:04:59.000+0000,,,,,,,,,,https://www.gov.uk/government/publications/greenhouse-gas-reporting-conversion-factors-2018,,,0,,,,,,,,,,2018,,,0,,,,,14900,0,,,,,,,,,,,,,0,,,,,,,,,,,,,,,HFE-125,,,,,,,,,,,0,,,,,,,,,,,,,,,
a076g000002dWRUAA2,0056g000004tx5VAAQ,,HFE-134 - 2018 revision,0126g0000003V1bAAE,2020-03-03T17:04:59.000+0000,0056g000004tx5VAAQ,2020-03-03T17:04:59.000+0000,0056g000004tx5VAAQ,2020-03-03T17:04:59.000+0000,,,,,,,,,,https://www.gov.uk/government/publications/greenhouse-gas-reporting-conversion-factors-2018,,,0,,,,,,,,,,2018,,,0,,,,,6320,0,,,,,,,,,,,,,0,,,,,,,,,,,,,,,HFE-134,,,,,,,,,,,0,,,,,,,,,,,,,,,
a076g000002dWRVAA2,0056g000004tx5VAAQ,,HFE-143a - 2018 revision,0126g0000003V1bAAE,2020-03-03T17:04:59.000+0000,0056g000004tx5VAAQ,2020-03-03T17:04:59.000+0000,0056g000004tx5VAAQ,2020-03-03T17:04:59.000+0000,,,,,,,,,,https://www.gov.uk/government/publications/greenhouse-gas-reporting-conversion-factors-2018,,,0,,,,,,,,,,2018,,,0,,,,,756,0,,,,,,,,,,,,,0,,,,,,,,,,,,,,,HFE-143a,,,,,,,,,,,0,,,,,,,,,,,,,,,
a076g000002dWRWAA2,0056g000004tx5VAAQ,,HFE-236ca12 (HG-10) - 2018 revision,0126g0000003V1bAAE,2020-03-03T17:04:59.000+0000,0056g000004tx5VAAQ,2020-03-03T17:04:59.000+0000,0056g000004tx5VAAQ,2020-03-03T17:04:59.000+0000,,,,,,,,,,https://www.gov.uk/government/publications/greenhouse-gas-reporting-conversion-factors-2018,,,0,,,,,,,,,,2018,,,0,,,,,2800,0,,,,,,,,,,,,,0,,,,,,,,,,,,,,,HFE-236ca12 (HG-10),,,,,,,,,,,0,,,,,,,,,,,,,,,
a076g000002dWRXAA2,0056g000004tx5VAAQ,,HFE-245cb2 - 2018 revision,0126g0000003V1bAAE,2020-03-03T17:04:59.000+0000,0056g000004tx5VAAQ,2020-03-03T17:04:59.000+0000,0056g000004tx5VAAQ,2020-03-03T17:04:59.000+0000,,,,,,,,,,https://www.gov.uk/government/publications/greenhouse-gas-reporting-conversion-factors-2018,,,0,,,,,,,,,,2018,,,0,,,,,708,0,,,,,,,,,,,,,0,,,,,,,,,,,,,,,HFE-245cb2,,,,,,,,,,,0,,,,,,,,,,,,,,,
a076g000002dWRYAA2,0056g000004tx5VAAQ,,HFE-245fa2 - 2018 revision,0126g0000003V1bAAE,2020-03-03T17:04:59.000+0000,0056g000004tx5VAAQ,2020-03-03T17:04:59.000+0000,0056g000004tx5VAAQ,2020-03-03T17:04:59.000+0000,,,,,,,,,,https://www.gov.uk/government/publications/greenhouse-gas-reporting-conversion-factors-2018,,,0,,,,,,,,,,2018,,,0,,,,,659,0,,,,,,,,,,,,,0,,,,,,,,,,,,,,,HFE-245fa2,,,,,,,,,,,0,,,,,,,,,,,,,,,
a076g000002dWRZAA2,0056g000004tx5VAAQ,,HFE-254cb2 - 2018 revision,0126g0000003V1bAAE,2020-03-03T17:04:59.000+0000,0056g000004tx5VAAQ,2020-03-03T17:04:59.000+0000,0056g000004tx5VAAQ,2020-03-03T17:04:59.000+0000,,,,,,,,,,https://www.gov.uk/government/publications/greenhouse-gas-reporting-conversion-factors-2018,,,0,,,,,,,,,,2018,,,0,,,,,359,0,,,,,,,,,,,,,0,,,,,,,,,,,,,,,HFE-254cb2,,,,,,,,,,,0,,,,,,,,,,,,,,,
a076g000002dWRaAAM,0056g000004tx5VAAQ,,HFE-338pcc13 (HG-01) - 2018 revision,0126g0000003V1bAAE,2020-03-03T17:04:59.000+0000,0056g000004tx5VAAQ,2020-03-03T17:04:59.000+0000,0056g000004tx5VAAQ,2020-03-03T17:04:59.000+0000,,,,,,,,,,https://www.gov.uk/government/publications/greenhouse-gas-reporting-conversion-factors-2018,,,0,,,,,,,,,,2018,,,0,,,,,1500,0,,,,,,,,,,,,,0,,,,,,,,,,,,,,,HFE-338pcc13 (HG-01),,,,,,,,,,,0,,,,,,,,,,,,,,,
a076g000002dWRbAAM,0056g000004tx5VAAQ,,HFE-347mcc3 - 2018 revision,0126g0000003V1bAAE,2020-03-03T17:04:59.000+0000,0056g000004tx5VAAQ,2020-03-03T17:04:59.000+0000,0056g000004tx5VAAQ,2020-03-03T17:04:59.000+0000,,,,,,,,,,https://www.gov.uk/government/publications/greenhouse-gas-reporting-conversion-factors-2018,,,0,,,,,,,,,,2018,,,0,,,,,575,0,,,,,,,,,,,,,0,,,,,,,,,,,,,,,HFE-347mcc3,,,,,,,,,,,0,,,,,,,,,,,,,,,
a076g000002dWRcAAM,0056g000004tx5VAAQ,,HFE-347pcf2 - 2018 revision,0126g0000003V1bAAE,2020-03-03T17:04:59.000+0000,0056g000004tx5VAAQ,2020-03-03T17:04:59.000+0000,0056g000004tx5VAAQ,2020-03-03T17:04:59.000+0000,,,,,,,,,,https://www.gov.uk/government/publications/greenhouse-gas-reporting-conversion-factors-2018,,,0,,,,,,,,,,2018,,,0,,,,,580,0,,,,,,,,,,,,,0,,,,,,,,,,,,,,,HFE-347pcf2,,,,,,,,,,,0,,,,,,,,,,,,,,,
a076g000002dWRdAAM,0056g000004tx5VAAQ,,HFE-356pcc3 - 2018 revision,0126g0000003V1bAAE,2020-03-03T17:04:59.000+0000,0056g000004tx5VAAQ,2020-03-03T17:04:59.000+0000,0056g000004tx5VAAQ,2020-03-03T17:04:59.000+0000,,,,,,,,,,https://www.gov.uk/government/publications/greenhouse-gas-reporting-conversion-factors-2018,,,0,,,,,,,,,,2018,,,0,,,,,110,0,,,,,,,,,,,,,0,,,,,,,,,,,,,,,HFE-356pcc3,,,,,,,,,,,0,,,,,,,,,,,,,,,
a076g000002dWReAAM,0056g000004tx5VAAQ,,HFE-43-10pccc124 (H-Galden1040x) - 2018 revision,0126g0000003V1bAAE,2020-03-03T17:04:59.000+0000,0056g000004tx5VAAQ,2020-03-03T17:04:59.000+0000,0056g000004tx5VAAQ,2020-03-03T17:04:59.000+0000,,,,,,,,,,https://www.gov.uk/government/publications/greenhouse-gas-reporting-conversion-factors-2018,,,0,,,,,,,,,,2018,,,0,,,,,1870,0,,,,,,,,,,,,,0,,,,,,,,,,,,,,,HFE-43-10pccc124 (H-Galden1040x),,,,,,,,,,,0,,,,,,,,,,,,,,,
a076g000002dWRfAAM,0056g000004tx5VAAQ,,HFE-449sl (HFE-7100) - 2018 revision,0126g0000003V1bAAE,2020-03-03T17:04:59.000+0000,0056g000004tx5VAAQ,2020-03-03T17:04:59.000+0000,0056g000004tx5VAAQ,2020-03-03T17:04:59.000+0000,,,,,,,,,,https://www.gov.uk/government/publications/greenhouse-gas-reporting-conversion-factors-2018,,,0,,,,,,,,,,2018,,,0,,,,,297,0,,,,,,,,,,,,,0,,,,,,,,,,,,,,,HFE-449sl (HFE-7100),,,,,,,,,,,0,,,,,,,,,,,,,,,
a076g000002dWRgAAM,0056g000004tx5VAAQ,,HFE-569sf2 (HFE-7200) - 2018 revision,0126g0000003V1bAAE,2020-03-03T17:04:59.000+0000,0056g000004tx5VAAQ,2020-03-03T17:04:59.000+0000,0056g000004tx5VAAQ,2020-03-03T17:04:59.000+0000,,,,,,,,,,https://www.gov.uk/government/publications/greenhouse-gas-reporting-conversion-factors-2018,,,0,,,,,,,,,,2018,,,0,,,,,59,0,,,,,,,,,,,,,0,,,,,,,,,,,,,,,HFE-569sf2 (HFE-7200),,,,,,,,,,,0,,,,,,,,,,,,,,,
a076g000002dWRhAAM,0056g000004tx5VAAQ,,Methyl bromide - 2018 revision,0126g0000003V1bAAE,2020-03-03T17:04:59.000+0000,0056g000004tx5VAAQ,2020-03-03T17:04:59.000+0000,0056g000004tx5VAAQ,2020-03-03T17:04:59.000+0000,,,,,,,,,,https://www.gov.uk/government/publications/greenhouse-gas-reporting-conversion-factors-2018,,,0,,,,,,,,,,2018,,,0,,,,,5,0,,,,,,,,,,,,,0,,,,,,,,,,,,,,,Methyl bromide,,,,,,,,,,,0,,,,,,,,,,,,,,,
a076g000002dWRiAAM,0056g000004tx5VAAQ,,Methyl chloride - 2018 revision,0126g0000003V1bAAE,2020-03-03T17:04:59.000+0000,0056g000004tx5VAAQ,2020-03-03T17:04:59.000+0000,0056g000004tx5VAAQ,2020-03-03T17:04:59.000+0000,,,,,,,,,,https://www.gov.uk/government/publications/greenhouse-gas-reporting-conversion-factors-2018,,,0,,,,,,,,,,2018,,,0,,,,,13,0,,,,,,,,,,,,,0,,,,,,,,,,,,,,,Methyl chloride,,,,,,,,,,,0,,,,,,,,,,,,,,,
a076g000002dWRjAAM,0056g000004tx5VAAQ,,Methyl chloroform - 2018 revision,0126g0000003V1bAAE,2020-03-03T17:04:59.000+0000,0056g000004tx5VAAQ,2020-03-03T17:04:59.000+0000,0056g000004tx5VAAQ,2020-03-03T17:04:59.000+0000,,,,,,,,,,https://www.gov.uk/government/publications/greenhouse-gas-reporting-conversion-factors-2018,,,0,,,,,,,,,,2018,,,0,,,,,146,0,,,,,,,,,,,,,0,,,,,,,,,,,,,,,Methyl chloroform,,,,,,,,,,,0,,,,,,,,,,,,,,,
a076g000002dWRkAAM,0056g000004tx5VAAQ,,Methylene chloride - 2018 revision,0126g0000003V1bAAE,2020-03-03T17:04:59.000+0000,0056g000004tx5VAAQ,2020-03-03T17:04:59.000+0000,0056g000004tx5VAAQ,2020-03-03T17:04:59.000+0000,,,,,,,,,,https://www.gov.uk/government/publications/greenhouse-gas-reporting-conversion-factors-2018,,,0,,,,,,,,,,2018,,,0,,,,,9,0,,,,,,,,,,,,,0,,,,,,,,,,,,,,,Methylene chloride,,,,,,,,,,,0,,,,,,,,,,,,,,,
a076g000002dWRlAAM,0056g000004tx5VAAQ,,Nitrogen trifluoride - 2018 revision,0126g0000003V1bAAE,2020-03-03T17:04:59.000+0000,0056g000004tx5VAAQ,2020-03-03T17:04:59.000+0000,0056g000004tx5VAAQ,2020-03-03T17:04:59.000+0000,,,,,,,,,,https://www.gov.uk/government/publications/greenhouse-gas-reporting-conversion-factors-2018,,,0,,,,,,,,,,2018,,,0,,,,,17200,0,,,,,,,,,,,,,0,,,,,,,,,,,,,,,Nitrogen trifluoride,,,,,,,,,,,0,,,,,,,,,,,,,,,
a076g000002dWRmAAM,0056g000004tx5VAAQ,,Perfluorobutane (PFC-3-1-10) - 2018 revision,0126g0000003V1bAAE,2020-03-03T17:04:59.000+0000,0056g000004tx5VAAQ,2020-03-03T17:04:59.000+0000,0056g000004tx5VAAQ,2020-03-03T17:04:59.000+0000,,,,,,,,,,https://www.gov.uk/government/publications/greenhouse-gas-reporting-conversion-factors-2018,,,0,,,,,,,,,,2018,,,0,,,,,8860,0,,,,,,,,,,,,,0,,,,,,,,,,,,,,,Perfluorobutane (PFC-3-1-10),,,,,,,,,,,0,,,,,,,,,,,,,,,
a076g000002dWRnAAM,0056g000004tx5VAAQ,,Perfluorocyclobutane (PFC-318) - 2018 revision,0126g0000003V1bAAE,2020-03-03T17:04:59.000+0000,0056g000004tx5VAAQ,2020-03-03T17:04:59.000+0000,0056g000004tx5VAAQ,2020-03-03T17:04:59.000+0000,,,,,,,,,,https://www.gov.uk/government/publications/greenhouse-gas-reporting-conversion-factors-2018,,,0,,,,,,,,,,2018,,,0,,,,,10300,0,,,,,,,,,,,,,0,,,,,,,,,,,,,,,Perfluorocyclobutane (PFC-318),,,,,,,,,,,0,,,,,,,,,,,,,,,
a076g000002dWRoAAM,0056g000004tx5VAAQ,,Perfluorocyclopropane - 2018 revision,0126g0000003V1bAAE,2020-03-03T17:04:59.000+0000,0056g000004tx5VAAQ,2020-03-03T17:04:59.000+0000,0056g000004tx5VAAQ,2020-03-03T17:04:59.000+0000,,,,,,,,,,https://www.gov.uk/government/publications/greenhouse-gas-reporting-conversion-factors-2018,,,0,,,,,,,,,,2018,,,0,,,,,17340,0,,,,,,,,,,,,,0,,,,,,,,,,,,,,,Perfluorocyclopropane,,,,,,,,,,,0,,,,,,,,,,,,,,,
a076g000002dWRpAAM,0056g000004tx5VAAQ,,Perfluoroethane (PFC-116) - 2018 revision,0126g0000003V1bAAE,2020-03-03T17:04:59.000+0000,0056g000004tx5VAAQ,2020-03-03T17:04:59.000+0000,0056g000004tx5VAAQ,2020-03-03T17:04:59.000+0000,,,,,,,,,,https://www.gov.uk/government/publications/greenhouse-gas-reporting-conversion-factors-2018,,,0,,,,,,,,,,2018,,,0,,,,,12200,0,,,,,,,,,,,,,0,,,,,,,,,,,,,,,Perfluoroethane (PFC-116),,,,,,,,,,,0,,,,,,,,,,,,,,,
a076g000002dWRqAAM,0056g000004tx5VAAQ,,Perfluorohexane (PFC-5-1-14) - 2018 revision,0126g0000003V1bAAE,2020-03-03T17:04:59.000+0000,0056g000004tx5VAAQ,2020-03-03T17:04:59.000+0000,0056g000004tx5VAAQ,2020-03-03T17:04:59.000+0000,,,,,,,,,,https://www.gov.uk/government/publications/greenhouse-gas-reporting-conversion-factors-2018,,,0,,,,,,,,,,2018,,,0,,,,,9300,0,,,,,,,,,,,,,0,,,,,,,,,,,,,,,Perfluorohexane (PFC-5-1-14),,,,,,,,,,,0,,,,,,,,,,,,,,,
a076g000002dWRrAAM,0056g000004tx5VAAQ,,Perfluoromethane (PFC-14) - 2018 revision,0126g0000003V1bAAE,2020-03-03T17:04:59.000+0000,0056g000004tx5VAAQ,2020-03-03T17:04:59.000+0000,0056g000004tx5VAAQ,2020-03-03T17:04:59.000+0000,,,,,,,,,,https://www.gov.uk/government/publications/greenhouse-gas-reporting-conversion-factors-2018,,,0,,,,,,,,,,2018,,,0,,,,,7390,0,,,,,,,,,,,,,0,,,,,,,,,,,,,,,Perfluoromethane (PFC-14),,,,,,,,,,,0,,,,,,,,,,,,,,,
a076g000002dWRsAAM,0056g000004tx5VAAQ,,Perfluoropentane (PFC-4-1-12) - 2018 revision,0126g0000003V1bAAE,2020-03-03T17:04:59.000+0000,0056g000004tx5VAAQ,2020-03-03T17:04:59.000+0000,0056g000004tx5VAAQ,2020-03-03T17:04:59.000+0000,,,,,,,,,,https://www.gov.uk/government/publications/greenhouse-gas-reporting-conversion-factors-2018,,,0,,,,,,,,,,2018,,,0,,,,,9160,0,,,,,,,,,,,,,0,,,,,,,,,,,,,,,Perfluoropentane (PFC-4-1-12),,,,,,,,,,,0,,,,,,,,,,,,,,,
a076g000002dWRtAAM,0056g000004tx5VAAQ,,Perfluoropropane (PFC-218) - 2018 revision,0126g0000003V1bAAE,2020-03-03T17:04:59.000+0000,0056g000004tx5VAAQ,2020-03-03T17:04:59.000+0000,0056g000004tx5VAAQ,2020-03-03T17:04:59.000+0000,,,,,,,,,,https://www.gov.uk/government/publications/greenhouse-gas-reporting-conversion-factors-2018,,,0,,,,,,,,,,2018,,,0,,,,,8830,0,,,,,,,,,,,,,0,,,,,,,,,,,,,,,Perfluoropropane (PFC-218),,,,,,,,,,,0,,,,,,,,,,,,,,,
a076g000002dWRuAAM,0056g000004tx5VAAQ,,PFC-9-1-18 - 2018 revision,0126g0000003V1bAAE,2020-03-03T17:04:59.000+0000,0056g000004tx5VAAQ,2020-03-03T17:04:59.000+0000,0056g000004tx5VAAQ,2020-03-03T17:04:59.000+0000,,,,,,,,,,https://www.gov.uk/government/publications/greenhouse-gas-reporting-conversion-factors-2018,,,0,,,,,,,,,,2018,,,0,,,,,7500,0,,,,,,,,,,,,,0,,,,,,,,,,,,,,,PFC-9-1-18,,,,,,,,,,,0,,,,,,,,,,,,,,,
a076g000002dWRvAAM,0056g000004tx5VAAQ,,PFPMIE - 2018 revision,0126g0000003V1bAAE,2020-03-03T17:04:59.000+0000,0056g000004tx5VAAQ,2020-03-03T17:04:59.000+0000,0056g000004tx5VAAQ,2020-03-03T17:04:59.000+0000,,,,,,,,,,https://www.gov.uk/government/publications/greenhouse-gas-reporting-conversion-factors-2018,,,0,,,,,,,,,,2018,,,0,,,,,10300,0,,,,,,,,,,,,,0,,,,,,,,,,,,,,,PFPMIE,,,,,,,,,,,0,,,,,,,,,,,,,,,
a076g000002dWRwAAM,0056g000004tx5VAAQ,,R-407C - 2018 revision,0126g0000003V1bAAE,2020-03-03T17:04:59.000+0000,0056g000004tx5VAAQ,2020-03-03T17:04:59.000+0000,0056g000004tx5VAAQ,2020-03-03T17:04:59.000+0000,,,,,,,,,,https://www.gov.uk/government/publications/greenhouse-gas-reporting-conversion-factors-2018,,,0,,,,,,,,,,2018,,,0,,,,,1774,0,,,,,,,,,,,,,0,,,,,,,,,,,,,,,R-407C,,,,,,,,,,,0,,,,,,,,,,,,,,,
a076g000002dWRxAAM,0056g000004tx5VAAQ,,R-410A - 2018 revision,0126g0000003V1bAAE,2020-03-03T17:04:59.000+0000,0056g000004tx5VAAQ,2020-03-03T17:04:59.000+0000,0056g000004tx5VAAQ,2020-03-03T17:04:59.000+0000,,,,,,,,,,https://www.gov.uk/government/publications/greenhouse-gas-reporting-conversion-factors-2018,,,0,,,,,,,,,,2018,,,0,,,,,2088,0,,,,,,,,,,,,,0,,,,,,,,,,,,,,,R-410A,,,,,,,,,,,0,,,,,,,,,,,,,,,
a076g000002dWRyAAM,0056g000004tx5VAAQ,,R-422D - 2018 revision,0126g0000003V1bAAE,2020-03-03T17:04:59.000+0000,0056g000004tx5VAAQ,2020-03-03T17:04:59.000+0000,0056g000004tx5VAAQ,2020-03-03T17:04:59.000+0000,,,,,,,,,,https://www.gov.uk/government/publications/greenhouse-gas-reporting-conversion-factors-2018,,,0,,,,,,,,,,2018,,,0,,,,,2729,0,,,,,,,,,,,,,0,,,,,,,,,,,,,,,R-422D,,,,,,,,,,,0,,,,,,,,,,,,,,,
a076g000002dWRzAAM,0056g000004tx5VAAQ,,R1234yf - 2018 revision,0126g0000003V1bAAE,2020-03-03T17:04:59.000+0000,0056g000004tx5VAAQ,2020-03-03T17:04:59.000+0000,0056g000004tx5VAAQ,2020-03-03T17:04:59.000+0000,,,,,,,,,,https://www.gov.uk/government/publications/greenhouse-gas-reporting-conversion-factors-2018,,,0,,,,,,,,,,2018,,,0,,,,,1,0,,,,,,,,,,,,,0,,,,,,,,,,,,,,,R1234yf,,,,,,,,,,,0,,,,,,,,,,,,,,,
a076g000002dWS0AAM,0056g000004tx5VAAQ,,R1234ze - 2018 revision,0126g0000003V1bAAE,2020-03-03T17:04:59.000+0000,0056g000004tx5VAAQ,2020-03-03T17:04:59.000+0000,0056g000004tx5VAAQ,2020-03-03T17:04:59.000+0000,,,,,,,,,,https://www.gov.uk/government/publications/greenhouse-gas-reporting-conversion-factors-2018,,,0,,,,,,,,,,2018,,,0,,,,,1,0,,,,,,,,,,,,,0,,,,,,,,,,,,,,,R1234ze,,,,,,,,,,,0,,,,,,,,,,,,,,,
a076g000002dWS1AAM,0056g000004tx5VAAQ,,R134a - 2018 revision,0126g0000003V1bAAE,2020-03-03T17:04:59.000+0000,0056g000004tx5VAAQ,2020-03-03T17:04:59.000+0000,0056g000004tx5VAAQ,2020-03-03T17:04:59.000+0000,,,,,,,,,,https://www.gov.uk/government/publications/greenhouse-gas-reporting-conversion-factors-2018,,,0,,,,,,,,,,2018,,,0,,,,,1430,0,,,,,,,,,,,,,0,,,,,,,,,,,,,,,R134a,,,,,,,,,,,0,,,,,,,,,,,,,,,
a076g000002dWS2AAM,0056g000004tx5VAAQ,,R290 (propane) - 2018 revision,0126g0000003V1bAAE,2020-03-03T17:04:59.000+0000,0056g000004tx5VAAQ,2020-03-03T17:04:59.000+0000,0056g000004tx5VAAQ,2020-03-03T17:04:59.000+0000,,,,,,,,,,https://www.gov.uk/government/publications/greenhouse-gas-reporting-conversion-factors-2018,,,0,,,,,,,,,,2018,,,0,,,,,3,0,,,,,,,,,,,,,0,,,,,,,,,,,,,,,R290 (propane),,,,,,,,,,,0,,,,,,,,,,,,,,,
a076g000002dWS3AAM,0056g000004tx5VAAQ,,R403A - 2018 revision,0126g0000003V1bAAE,2020-03-03T17:04:59.000+0000,0056g000004tx5VAAQ,2020-03-03T17:04:59.000+0000,0056g000004tx5VAAQ,2020-03-03T17:04:59.000+0000,,,,,,,,,,https://www.gov.uk/government/publications/greenhouse-gas-reporting-conversion-factors-2018,,,0,,,,,,,,,,2018,,,0,,,,,3124,0,,,,,,,,,,,,,0,,,,,,,,,,,,,,,R403A,,,,,,,,,,,0,,,,,,,,,,,,,,,
a076g000002dWS4AAM,0056g000004tx5VAAQ,,R404A - 2018 revision,0126g0000003V1bAAE,2020-03-03T17:04:59.000+0000,0056g000004tx5VAAQ,2020-03-03T17:04:59.000+0000,0056g000004tx5VAAQ,2020-03-03T17:04:59.000+0000,,,,,,,,,,https://www.gov.uk/government/publications/greenhouse-gas-reporting-conversion-factors-2018,,,0,,,,,,,,,,2018,,,0,,,,,3922,0,,,,,,,,,,,,,0,,,,,,,,,,,,,,,R404A,,,,,,,,,,,0,,,,,,,,,,,,,,,
a076g000002dWS5AAM,0056g000004tx5VAAQ,,R406A - 2018 revision,0126g0000003V1bAAE,2020-03-03T17:04:59.000+0000,0056g000004tx5VAAQ,2020-03-03T17:04:59.000+0000,0056g000004tx5VAAQ,2020-03-03T17:04:59.000+0000,,,,,,,,,,https://www.gov.uk/government/publications/greenhouse-gas-reporting-conversion-factors-2018,,,0,,,,,,,,,,2018,,,0,,,,,1943,0,,,,,,,,,,,,,0,,,,,,,,,,,,,,,R406A,,,,,,,,,,,0,,,,,,,,,,,,,,,
a076g000002dWS6AAM,0056g000004tx5VAAQ,,R407A - 2018 revision,0126g0000003V1bAAE,2020-03-03T17:04:59.000+0000,0056g000004tx5VAAQ,2020-03-03T17:04:59.000+0000,0056g000004tx5VAAQ,2020-03-03T17:04:59.000+0000,,,,,,,,,,https://www.gov.uk/government/publications/greenhouse-gas-reporting-conversion-factors-2018,,,0,,,,,,,,,,2018,,,0,,,,,2107,0,,,,,,,,,,,,,0,,,,,,,,,,,,,,,R407A,,,,,,,,,,,0,,,,,,,,,,,,,,,
a076g000002dWS7AAM,0056g000004tx5VAAQ,,R407F - 2018 revision,0126g0000003V1bAAE,2020-03-03T17:04:59.000+0000,0056g000004tx5VAAQ,2020-03-03T17:04:59.000+0000,0056g000004tx5VAAQ,2020-03-03T17:04:59.000+0000,,,,,,,,,,https://www.gov.uk/government/publications/greenhouse-gas-reporting-conversion-factors-2018,,,0,,,,,,,,,,2018,,,0,,,,,1825,0,,,,,,,,,,,,,0,,,,,,,,,,,,,,,R407F,,,,,,,,,,,0,,,,,,,,,,,,,,,
a076g000002dWS8AAM,0056g000004tx5VAAQ,,R408A - 2018 revision,0126g0000003V1bAAE,2020-03-03T17:04:59.000+0000,0056g000004tx5VAAQ,2020-03-03T17:04:59.000+0000,0056g000004tx5VAAQ,2020-03-03T17:04:59.000+0000,,,,,,,,,,https://www.gov.uk/government/publications/greenhouse-gas-reporting-conversion-factors-2018,,,0,,,,,,,,,,2018,,,0,,,,,3152,0,,,,,,,,,,,,,0,,,,,,,,,,,,,,,R408A,,,,,,,,,,,0,,,,,,,,,,,,,,,
a076g000002dWS9AAM,0056g000004tx5VAAQ,,R409A - 2018 revision,0126g0000003V1bAAE,2020-03-03T17:04:59.000+0000,0056g000004tx5VAAQ,2020-03-03T17:04:59.000+0000,0056g000004tx5VAAQ,2020-03-03T17:04:59.000+0000,,,,,,,,,,https://www.gov.uk/government/publications/greenhouse-gas-reporting-conversion-factors-2018,,,0,,,,,,,,,,2018,,,0,,,,,1585,0,,,,,,,,,,,,,0,,,,,,,,,,,,,,,R409A,,,,,,,,,,,0,,,,,,,,,,,,,,,
a076g000002dWSAAA2,0056g000004tx5VAAQ,,R502 - 2018 revision,0126g0000003V1bAAE,2020-03-03T17:04:59.000+0000,0056g000004tx5VAAQ,2020-03-03T17:04:59.000+0000,0056g000004tx5VAAQ,2020-03-03T17:04:59.000+0000,,,,,,,,,,https://www.gov.uk/government/publications/greenhouse-gas-reporting-conversion-factors-2018,,,0,,,,,,,,,,2018,,,0,,,,,4657,0,,,,,,,,,,,,,0,,,,,,,,,,,,,,,R502,,,,,,,,,,,0,,,,,,,,,,,,,,,
a076g000002dWSBAA2,0056g000004tx5VAAQ,,R507A - 2018 revision,0126g0000003V1bAAE,2020-03-03T17:04:59.000+0000,0056g000004tx5VAAQ,2020-03-03T17:04:59.000+0000,0056g000004tx5VAAQ,2020-03-03T17:04:59.000+0000,,,,,,,,,,https://www.gov.uk/government/publications/greenhouse-gas-reporting-conversion-factors-2018,,,0,,,,,,,,,,2018,,,0,,,,,3985,0,,,,,,,,,,,,,0,,,,,,,,,,,,,,,R507A,,,,,,,,,,,0,,,,,,,,,,,,,,,
a076g000002dWSCAA2,0056g000004tx5VAAQ,,R508B - 2018 revision,0126g0000003V1bAAE,2020-03-03T17:04:59.000+0000,0056g000004tx5VAAQ,2020-03-03T17:04:59.000+0000,0056g000004tx5VAAQ,2020-03-03T17:04:59.000+0000,,,,,,,,,,https://www.gov.uk/government/publications/greenhouse-gas-reporting-conversion-factors-2018,,,0,,,,,,,,,,2018,,,0,,,,,13396,0,,,,,,,,,,,,,0,,,,,,,,,,,,,,,R508B,,,,,,,,,,,0,,,,,,,,,,,,,,,
a076g000002dWSDAA2,0056g000004tx5VAAQ,,R600A (isobutane) - 2018 revision,0126g0000003V1bAAE,2020-03-03T17:04:59.000+0000,0056g000004tx5VAAQ,2020-03-03T17:04:59.000+0000,0056g000004tx5VAAQ,2020-03-03T17:04:59.000+0000,,,,,,,,,,https://www.gov.uk/government/publications/greenhouse-gas-reporting-conversion-factors-2018,,,0,,,,,,,,,,2018,,,0,,,,,3,0,,,,,,,,,,,,,0,,,,,,,,,,,,,,,R600A (isobutane),,,,,,,,,,,0,,,,,,,,,,,,,,,
a076g000002dWSEAA2,0056g000004tx5VAAQ,,Sulphur hexafluoride (SF6) - 2018 revision,0126g0000003V1bAAE,2020-03-03T17:04:59.000+0000,0056g000004tx5VAAQ,2020-03-03T17:04:59.000+0000,0056g000004tx5VAAQ,2020-03-03T17:04:59.000+0000,,,,,,,,,,https://www.gov.uk/government/publications/greenhouse-gas-reporting-conversion-factors-2018,,,0,,,,,,,,,,2018,,,0,,,,,22800,0,,,,,,,,,,,,,0,,,,,,,,,,,,,,,Sulphur hexafluoride (SF6),,,,,,,,,,,0,,,,,,,,,,,,,,,
a076g000002dWSFAA2,0056g000004tx5VAAQ,,Trifluoromethyl sulphur pentafluoride - 2018 revision,0126g0000003V1bAAE,2020-03-03T17:04:59.000+0000,0056g000004tx5VAAQ,2020-03-03T17:04:59.000+0000,0056g000004tx5VAAQ,2020-03-03T17:04:59.000+0000,,,,,,,,,,https://www.gov.uk/government/publications/greenhouse-gas-reporting-conversion-factors-2018,,,0,,,,,,,,,,2018,,,0,,,,,17700,0,,,,,,,,,,,,,0,,,,,,,,,,,,,,,Trifluoromethyl sulphur pentafluoride,,,,,,,,,,,0,,,,,,,,,,,,,,,
